{"cameraMode":{"drawMode":0,"name":"Shaded","section":"Shading Mode"},"sceneLighting":false,"audioPlay":false,"sceneViewState":{"m_AlwaysRefresh":false,"showFog":true,"showSkybox":false,"showFlares":true,"showImageEffects":true,"showParticleSystems":true,"showVisualEffectGraphs":true,"m_FxEnabled":true},"in2DMode":false,"pivot":{"x":-0.0003845319151878357,"y":0.09759847074747086,"z":0.0004524439573287964},"rotation":{"x":0.039010729640722278,"y":-0.9562344551086426,"z":0.24954530596733094,"w":0.14852094650268556},"size":0.16160841286182404,"orthographic":false}